{"kda_diff": {"mean": 0.8823406430031593, "std": 11.03390435044147}, "cs_diff": {"mean": -0.007108344173945363, "std": 74.04260172234056}, "turrets_diff": {"mean": 0.030013008734435978, "std": 1.9379005460955343}, "inhibitors_diff": {"mean": 0.0013241033265192343, "std": 0.23948728570367775}, "level_diff": {"mean": 0.28684259431332465, "std": 4.259079218981607}, "monsters_diff": {"mean": 1.8568110016725516, "std": 1.7858324274478248}}