{"kda_diff": {"mean": 0.2758640636297903, "std": 12.483749965658394}, "cs_diff": {"mean": -1.8144516751024342, "std": 53.627312052540844}, "turrets_diff": {"mean": 0.05671728127259581, "std": 1.238332350727529}, "inhibitors_diff": {"mean": 0.0001638949144372138, "std": 0.03058017747039864}, "level_diff": {"mean": -0.014904796336466618, "std": 2.850079100838914}, "monsters_diff": {"mean": 0.01610990600144613, "std": 1.2647650221940303}}