{"kda_diff": {"mean": 0.3374259655897111, "std": 16.43650609838563}, "cs_diff": {"mean": -2.47817430390057, "std": 64.15358559794589}, "turrets_diff": {"mean": 0.11434231299083934, "std": 2.3231676897168634}, "inhibitors_diff": {"mean": 0.005118304222349593, "std": 0.24751433649917856}, "level_diff": {"mean": -0.02452562671573803, "std": 3.3357211509916023}, "monsters_diff": {"mean": 0.008416543485474675, "std": 1.490316791174231}}