{"kda_diff": {"mean": 2.8225747295066936, "std": 24.17747836874442}, "cs_diff": {"mean": 1.3060471300201724, "std": 83.16141636305677}, "turrets_diff": {"mean": 0.14966532184118833, "std": 3.3113982740032637}, "inhibitors_diff": {"mean": 0.0036677058499908306, "std": 0.45172249192104247}, "level_diff": {"mean": 0.4965386026040712, "std": 4.768845795997652}, "monsters_diff": {"mean": 3.168852008068953, "std": 2.5992626172382813}}