{"kda_diff": {"mean": 0.31475057065572615, "std": 16.43866547463665}, "cs_diff": {"mean": -2.4679678622783996, "std": 64.25972883346044}, "turrets_diff": {"mean": 0.10761511156696532, "std": 2.3252735842214114}, "inhibitors_diff": {"mean": 0.005510472915221173, "std": 0.24695682684262965}, "level_diff": {"mean": -0.024716683258419057, "std": 3.338875993292303}, "monsters_diff": {"mean": 0.005430028055144952, "std": 1.4899088991925076}}