{"kda_diff": {"mean": 0.4776958303205592, "std": 19.632242154793328}, "cs_diff": {"mean": -2.716828151361774, "std": 72.95498502186223}, "turrets_diff": {"mean": 0.16726922149915643, "std": 3.0378112201778453}, "inhibitors_diff": {"mean": 0.011665461557001686, "std": 0.3490303562376393}, "level_diff": {"mean": -0.021229211858279102, "std": 3.7550953303669834}, "monsters_diff": {"mean": 0.019243191130392866, "std": 1.695051035202297}}